Org Type,Syslin,DODIC,COMBAT LOAD PER SYSTEM,SOURCE,org_code
Atk Bn Helcptr,A21633,H116,1.25,B,
Cav Sqdn Helcptr,A21633,H116,1.875,B,CAVSQDN
Atk Bn Helcptr,A21633,H163,5.67,B,
Cav Sqdn Helcptr,A21633,H163,6.8,B,CAVSQDN
Atk Bn Helcptr,A21633,H164,8.87,B,
Cav Sqdn Helcptr,A21633,H164,10.2,B,CAVSQDN
Atk Bn Helcptr,A21633,H183,0.3125,B,
Cav Sqdn Helcptr,A21633,H183,0.46875,B,CAVSQDN
Atk Bn Helcptr,A21633,H464,15.25,B,
Cav Sqdn Helcptr,A21633,H464,16.3125,B,CAVSQDN
Atk Bn Helcptr,A21633,M278,0.9375,B,
Cav Sqdn Helcptr,A21633,M278,1.40625,B,CAVSQDN
Atk Bn Helcptr,A21633,PL86,1.458333333,B,
Cav Sqdn Helcptr,A21633,PL86,1.0625,B,CAVSQDN
Atk Bn Helcptr,A21633,PL90,1.46,E,
Cav Sqdn Helcptr,A21633,PL90,1.06,E,CAVSQDN
Atk Bn Helcptr,A21633,PV29,6.88,E,
Cav Sqdn Helcptr,A21633,PV29,7.06,E,CAVSQDN
Atk Bn Helcptr,A21633,PV30,6.875,B,
Cav Sqdn Helcptr,A21633,PV30,7.0625,B,CAVSQDN
Infantry,C06935,A058,168,A,INFBN
Infantry,C06935,A063,42,A,INFBN
Infantry,C10990,A518,1000,A,INFBN
Infantry,C10990,A607,1000,A,INFBN
Infantry,C10990,C379,42,A,INFBN
Infantry,C10990,C624,14,A,INFBN
Infantry,C10990,C625,3,A,INFBN
Infantry,C10990,CA07,4,A,INFBN
Engr,C12155,G815,3,E,ENGBN
Engr,C12155,G826,3,E,ENGBN
Infantry,C18234,A518,1000,A,INFBN
Infantry,C18234,A576,1000,E,INFBN
Infantry,C18234,A607,1000,A,INFBN
Engr,C18234,G815,3,E,ENGBN
Engr,C18234,G826,3,E,ENGBN
Infantry,C76335,A131,4400,A,INFBN
Infantry,C76335,A974,1125,A,INFBN
Infantry,C76335,A975,375,A,INFBN
Infantry,C76335,A986,1125,A,INFBN
Infantry,C76335,G815,8,A,INFBN
Infantry,C76335,G826,8,A,INFBN
Infantry,C76335,PV18,12,A,INFBN
Engr,C96840,K022,1,A,ENGBN
Infantry,D10741,C687,61,A,INFBN
Infantry,D10741,C706,9,A,INFBN
Infantry,D10741,C708,18,A,INFBN
Infantry,D11049,A576,1000,E,INFBN
Infantry,D11538,A131,2000,E,INFBN
Engr,D12087,A576,1800,A,ENGBN
Engr,D12087,B542,400,A,ENGBN
Engr,D12087,BZ04,50,A,ENGBN
Engr,D12087,G815,3,A,ENGBN
Engr,D12087,G826,3,A,ENGBN
Engr,D30897,J003,160,A,ENGBN
Engr,D30897,K045,160,A,ENGBN
Engr,E56578,G815,3,D,ENGBN
Engr,E56578,G826,3,D,ENGBN
Infantry,E56896,A131,2000,A,INFBN
Infantry,E56896,G815,8,A,INFBN
Infantry,E56896,G826,8,A,INFBN
Infantry,E56896,PV18,12,A,INFBN
Infantry,F40375,A072,840,A,INFBN
Infantry,F40375,A131,2200,A,INFBN
Infantry,F40375,A974,690,A,INFBN
Infantry,F40375,A975,210,A,INFBN
Infantry,F40375,A986,690,A,INFBN
Infantry,F40375,G815,8,A,INFBN
Infantry,F40375,G826,8,A,INFBN
Infantry,F40375,PV18,7,A,INFBN
ADA,F57713,A576,250,A,ADABN
ADA,F57713,PJ04,6,A,ADABN
ADA,F57713,PJ12,2,A,ADABN
ADA,F57713,PL90,6,E,ADABN
ADA,F60530,A131,2200,A,ADABN
Armor,F60530,A131,7400,A,ARBN
Infantry,F60530,A131,4200,A,INFBN
Infantry,F60530,A974,1125,A,INFBN
ADA,F60530,A975,600,A,ADABN
Armor,F60530,A975,450,A,ARBN
Infantry,F60530,A975,375,A,INFBN
ADA,F60530,A986,900,A,ADABN
Armor,F60530,A986,1050,A,ARBN
Infantry,F60530,A986,1125,A,INFBN
Armor,F60530,G815,8,A,ARBN
Infantry,F60530,G815,8,A,INFBN
Armor,F60530,G826,8,A,ARBN
Infantry,F60530,G826,8,A,INFBN
ADA,F60530,PB92,5,A,ADABN
ADA,F60530,PJ04,4,A,ADABN
ADA,F60530,PL41,2,A,ADABN
Armor,F60530,PV18,12,A,ARBN
Infantry,F60530,PV18,12,A,INFBN
Atk Bn Helcptr,H28647,B129,2064,B,
Atk Bn Helcptr,H28647,H116,2.5,B,
Atk Bn Helcptr,H28647,H163,10.15,B,
Atk Bn Helcptr,H28647,H164,18.85,B
Atk Bn Helcptr,H28647,H183,0.625,B
Atk Bn Helcptr,H28647,H464,39,B
Atk Bn Helcptr,H28647,M278,1.875,B
Atk Bn Helcptr,H28647,PL86,2,B
Atk Bn Helcptr,H28647,PU55,12.72855135,B
Atk Bn Helcptr,H28647,PV29,5.27,E
Atk Bn Helcptr,H28647,PV30,5.271448653,B
Atk Bn Helcptr,H44644,A653,2350,B
Atk Bn Helcptr,H44644,A653,2350,B
Atk Bn Helcptr,H44644,H116,2.5,B
Atk Bn Helcptr,H44644,H116,2.5,B
Atk Bn Helcptr,H44644,H163,10,B
Atk Bn Helcptr,H44644,H163,10,B
Atk Bn Helcptr,H44644,H164,19,B
Atk Bn Helcptr,H44644,H164,19,B
Atk Bn Helcptr,H44644,H183,5.2,B
Atk Bn Helcptr,H44644,H183,5.2,B
Atk Bn Helcptr,H44644,H464,35,B
Atk Bn Helcptr,H44644,H464,35,B
Atk Bn Helcptr,H44644,M278,1.3,B
Atk Bn Helcptr,H44644,M278,1.04,B
Atk Bn Helcptr,H44644,PV18,26,B
Atk Bn Helcptr,H44644,PV18,21.5,B
Arty,H57642,D061,672,E
Arty,H57642,D501,560,E
Arty,H57642,D502,560,E
Arty,H57642,D505,108,C
Arty,H57642,D510,168,E
Arty,H57642,D514,560,E
Arty,H57642,D515,560,E
Arty,H57642,D528,168,C
Arty,H57642,D529,727,C,
Arty,H57642,D544,280,C,
Arty,H57642,D550,108,C,
Arty,H57642,D563,840,C,
Arty,H57642,D579,560,C,
Arty,H57642,D864,847,C,
Infantry,J81750,A072,1400,A,INFBN
Infantry,J81750,A131,2200,A,INFBN
Infantry,J81750,A974,690,A,INFBN
Infantry,J81750,A975,210,A,INFBN
Infantry,J81750,A986,690,A,INFBN
Infantry,J81750,G815,8,A,INFBN
Infantry,J81750,G826,8,A,INFBN
Infantry,J81750,PV18,7,A,INFBN
Engr,L43664,G815,6,A,ENGBN
Engr,L43664,G826,6,A,ENGBN
ADA,L44031,G815,4,A,ADABN
ADA,L44031,G826,4,A,ADABN
Mil_Police,L44595,B504,0.67,A,
Mil_Police,L44595,B505,0.67,A,
Mil_Police,L44595,B506,0.33,A,
Mil_Police,L44595,B508,0.33,A,
Mil_Police,L44595,B509,0.33,A,
Mil_Police,L44595,B535,1,A,
Mil_Police,L44595,B536,0.67,A,
Infantry,L44595,B546,18,A,INFBN
Mil_Police,L44595,B546,4,A,
Mil_Police,L44595,B567,0.67,A,
Arty,L44894,ERM1,32,E,
Engr,L44894,G815,6,E,ENGBN
Engr,L44894,G826,6,E,ENGBN
Arty,L44894,H104,116,E,
Arty,L44894,H117,18,E,
Arty,L44894,MBAT,36,E,
ADA,L46979,TU41,20,A,ADABN
ADA,L46979,TU41,36,A,ADABN
Engr,L67342,J143,3,A,ENGBN
Engr,L67342,M913,3,A,ENGBN
Infantry,L91975,A518,200,A,INFBN
Infantry,L91975,A607,200,A,INFBN
Infantry,L92386,A131,400,A,INFBN
Infantry,L92386,AA04,200,A,INFBN
Infantry,M02114,C484,4,A,INFBN
Infantry,M02114,C868,56,A,INFBN
Infantry,M02114,C870,16,A,INFBN
Infantry,M02114,C871,4,A,INFBN
Infantry,M09009,A064,400,A,INFBN
Mil_Police,M09009,A064,800,A,
Infantry,M09009,AA02,200,A,INFBN
Mil_Police,M09009,AA05,800,A,
Infantry,M67871,B627,10,A,INFBN
Infantry,M67871,B630,20,A,INFBN
Infantry,M67871,B632,90,A,INFBN
Infantry,M67939,B642,78,A,INFBN
Infantry,M67939,B646,24,A,INFBN
Infantry,M67939,B647,9,A,INFBN
Infantry,M67939,BA04,9,A,INFBN
Infantry,M68008,C226,4,A,INFBN
Infantry,M68008,C256,56,A,INFBN
Infantry,M68008,C276,16,A,INFBN
Infantry,M68008,C484,4,A,INFBN
Infantry,M68405,C379,25,A,INFBN
Infantry,M68405,C624,7,A,INFBN
Infantry,M68405,C625,2,A,INFBN
Infantry,M68405,CA07,2,A,INFBN
Infantry,M92362,B542,216,A,INFBN
Infantry,M92362,BZ04,144,A,INFBN
Infantry,M92420,A131,400,A,INFBN
Infantry,M92420,AA04,200,A,INFBN
Infantry,P98152,A363,30,A,INFBN
Mil_Police,P98152,A363,45,A,
Engr,R50544,G815,3,E,ENGBN
Engr,R50544,G826,3,E,ENGBN
Engr,R50681,G815,3,E,ENGBN
Engr,R50681,G826,3,E,ENGBN
Infantry,R94977,A066,168,A,INFBN
Infantry,R94977,A068,42,A,INFBN
Infantry,R95035,A058,168,A,INFBN
Mil_Police,R95035,A059,360,A,
Infantry,R95035,A063,42,A,INFBN
Mil_Police,R95036,A064,40,A,
Infantry,R95387,AA11,240,A,INFBN
Infantry,R97234,A058,168,A,INFBN
Mil_Police,R97234,A059,360,A,
Infantry,R97234,A063,42,A,INFBN
Mil_Police,R97234,A063,40,A,
Infantry,T05096,A518,1000,A,INFBN
Infantry,T05096,A607,1000,A,INFBN
Infantry,T05096,B542,216,A,INFBN
Infantry,T05096,BZ04,144,A,INFBN
Infantry,T05096,FZ07,16,A,INFBN
Infantry,T05096,PV18,6,A,INFBN
Armor,T13168,A059,420,A,ARBN
Armor,T13168,A131,11400,A,ARBN
Armor,T13168,A576,900,A,ARBN
Armor,T13168,C380,27,E,ARBN
Armor,T13168,C787,13,E,ARBN
Armor,T13168,C791,13,A,ARBN
Armor,T13168,G815,10,A,ARBN
Armor,T13168,G826,14,A,ARBN
Armor,T13306,A059,420,A,ARBN
Armor,T13306,A131,11400,A,ARBN
Armor,T13306,A576,900,A,ARBN
Armor,T13306,C791,14,A,ARBN
Armor,T13306,G815,10,A,ARBN
Armor,T13306,G826,14,A,ARBN
Mil_Police,T39223,A011,20,A,
Engr,W76473,G815,6,A,ENGBN
Engr,W76473,G826,6,A,ENGBN
Mil_Police,Z06421,A576,1200,A,
Mil_Police,Z06421,B542,768,A,
Mil_Police,Z06421,G815,2,A,
Mil_Police,Z06421,G826,2,A,
Infantry,Z15752,Z503,2,A,INFBN
Infantry,Z15752,Z503,6,A,INFBN
Infantry,Z27460,A072,840,A,INFBN
Infantry,Z27460,A131,2200,A,INFBN
Infantry,Z27460,A974,690,A,INFBN
Infantry,Z27460,A975,210,A,INFBN
Infantry,Z27460,A986,690,A,INFBN
Infantry,Z27460,G815,8,A,INFBN
Infantry,Z27460,G826,8,A,INFBN
Infantry,Z27460,PV18,7,A,INFBN
Infantry,Z41156,A131,4200,A,INFBN
Infantry,Z41156,A974,1125,A,INFBN
Infantry,Z41156,A975,375,A,INFBN
Infantry,Z41156,A986,1125,A,INFBN
Infantry,Z41156,G815,8,A,INFBN
Infantry,Z41156,G826,8,A,INFBN
Infantry,Z41156,PV18,12,A,INFBN
Battalion,C12155,A975,105.4,F,
Battalion,C12155,A986,95.95,F,
Battalion,E56578,D570,35.55,F,
Battalion,H30616,A131,3002.6,F,
Battalion,H30616,A965,59.25,F,
Battalion,H30616,L410,59.25,F,
Battalion,H30616,MD73,59.25,F,
Battalion,H57642,D532,4.2,F,
Battalion,H57642,D533,134.7,F,
Battalion,H57642,D540,25.25,F,
Battalion,H57642,D541,46.3,F,
Battalion,H57642,N285,84.2,F,
Battalion,H57642,N286,84.2,F,
Battalion,H57642,N340,21.05,F,
Battalion,H57642,N464,21.05,F
Battalion,H57642,N523,200.5,F
